Year,Constituency Number,Constituency Name,District,Lok Sabha Segment,BJP/NDA Candidate Name,Party Label,Votes Received,Total Valid Votes,Vote Share %,Position,Winning Candidate,Winning Party,Winning Vote Count,Margin (Winner to Runner-up),BJP/NDA Gap to Winner,Swing from Previous Assembly
2021,1,Manjeshwar,Kasaragod,,K. Surendran,BJP,65013,,,2,A. K. M. Ashraf,IUML,65758,745,745,
2021,2,Kasaragod,Kasaragod,,K. Shreekanth,BJP,50395,,,2,N. A. Nellikkunnu,IUML,63296,12901,12901,
2021,3,Udma,Kasaragod,,,,,,,,C. H. Kunhambu,CPI(M),78664,13322,,
2021,4,Kanhangad,Kasaragod,,,,,,,,E. Chandrasekharan,CPI,84615,27139,,
2021,5,Thrikaripur,Kasaragod,,,,,,,,M. Rajagopalan,CPI(M),86151,26137,,
2021,6,Payyanur,Kannur,,,,,,,,TI. Madhusoodanan,CPI(M),93695,49780,,
2021,7,Kalliasseri,Kannur,,,,,,,,M. Vijin,CPI(M),88252,44393,,
2021,8,Taliparamba,Kannur,,,,,,,,M. V. Govindan,CPI(M),92870,22689,,
2021,9,Irikkur,Kannur,,,,,,,,Sajeev Joseph,INC,76764,10010,,
2021,10,Azhikode,Kannur,,,,,,,,K. V. Sumesh,CPI(M),65794,6141,,
2021,11,Kannur,Kannur,,,,,,,,Kadannappalli Ramachandran,Cong(S),60313,1745,,
2021,12,Dharmadam,Kannur,,,,,,,,Pinarayi Vijayan,CPI(M),95522,50123,,
2021,13,Thalassery,Kannur,,,,,,,,A. N. Shamseer,CPI(M),81810,36801,,
2021,14,Kuthuparamba,Kannur,,,,,,,,K. P. Mohanan,LJD,70626,9541,,
2021,15,Mattannur,Kannur,,,,,,,,K. K. Shailaja,CPI(M),96129,60963,,
2021,16,Peravoor,Kannur,,,,,,,,Sunny Joseph,INC,66706,3172,,
2021,17,Mananthavady (ST),Wayanad,,,,,,,,O. R. Kelu,CPI(M),72536,9282,,
2021,18,Sulthan Bathery (ST),Wayanad,,,,,,,,I. C. Balakrishnan,INC,81077,11822,,
2021,19,Kalpetta,Wayanad,,,,,,,,T. Siddique,INC,70252,5470,,
2021,20,Vadakara,Kozhikode,,,,,,,,K. K. Rema,RMPI,65093,7491,,
2021,21,Kuttiady,Kozhikode,,,,,,,,K. P. Kunhammadkutty,CPI(M),80143,333,,
2021,22,Nadapuram,Kozhikode,,,,,,,,E. K. Vijayan,CPI,83293,4035,,
2021,23,Koyilandy,Kozhikode,,,,,,,,Kanathil Jameela,CPI(M),75628,8472,,
2021,24,Perambra,Kozhikode,,,,,,,,T. P. Ramakrishnan,CPI(M),86023,22592,,
2021,25,Balussery (SC),Kozhikode,,,,,,,,K. M. Sachin Dev,CPI(M),91839,20372,,
2021,26,Elathur,Kozhikode,,,,,,,,A. K. Saseendran,NCP,83639,38502,,
2021,27,Kozhikode North,Kozhikode,,,,,,,,Thottathil Raveendran,CPI(M),59124,12928,,
2021,28,Kozhikode South,Kozhikode,,,,,,,,Ahamed Devarkovil,INL,52557,12459,,
2021,29,Beypore,Kozhikode,,,,,,,,P. A. Mohammed Riyas,CPI(M),82165,28747,,
2021,30,Kunnamangalam,Kozhikode,,,,,,,,P. T. A. Rahim,IND,85138,10276,,
2021,31,Koduvally,Kozhikode,,,,,,,,M. K. Muneer,IUML,72336,6344,,
2021,32,Thiruvambady,Kozhikode,,,,,,,,Linto Joseph,CPI(M),67867,5596,,
2021,33,Kondotty,Malappuram,,,,,,,,T. V. Ibrahim,IUML,82759,17666,,
2021,34,Eranad,Malappuram,,,,,,,,P. K. Basheer,IUML,78076,22546,,
2021,35,Nilambur,Malappuram,,,,,,,,P. V. Anvar,IND,81227,2700,,
2021,36,Wandoor (SC),Malappuram,,,,,,,,A. P. Anil Kumar,INC,87415,15563,,
2021,37,Manjeri,Malappuram,,,,,,,,U. A. Latheef,IUML,78836,14573,,
2021,38,Perinthalmanna,Malappuram,,,,,,,,Najeeb Kanthapuram,IUML,76530,38,,
2021,39,Mankada,Malappuram,,,,,,,,Manjalamkuzhi Ali,IUML,83231,6246,,
2021,40,Malappuram,Malappuram,,,,,,,,P. Ubaidulla,IUML,93166,35208,,
2021,41,Vengara,Malappuram,,,,,,,,P. K. Kunhalikutty,IUML,70381,30596,,
2021,42,Vallikkunnu,Malappuram,,,,,,,,P. Abdul Hameed,IUML,71823,14116,,
2021,43,Tirurangadi,Malappuram,,,,,,,,K. P. A. Majeed,IUML,73499,9578,,
2021,44,Tanur,Malappuram,,,,,,,,V. Abdurahman,NSC,70704,985,,
2021,45,Tirur,Malappuram,,,,,,,,Kurukkoli Moideen,IUML,82314,7214,,
2021,46,Kottakkal,Malappuram,,,,,,,,K. K. Abid Hussain Thangal,IUML,81700,16588,,
2021,47,Thavanur,Malappuram,,,,,,,,K. T. Jaleel,IND,70358,2564,,
2021,48,Ponnani,Malappuram,,,,,,,,P. Nandakumar,CPI(M),74668,17043,,
2021,49,Thrithala,Palakkad,,,,,,,,M. B. Rajesh,CPI(M),69814,3016,,
2021,50,Pattambi,Palakkad,,,,,,,,Muhammed Muhsin,CPI,75311,17974,,
2021,51,Shornur,Palakkad,,,,,,,,P. Mammikutty,CPI(M),74400,36674,,
2021,52,Ottapalam,Palakkad,,,,,,,,K. Premkumar,CPI(M),74859,15152,,
2021,53,Kongad (SC),Palakkad,,,,,,,,K. Shanthakumari,CPI(M),67881,27219,,
2021,54,Mannarkkad,Palakkad,,,,,,,,N. Shamsudheen,IUML,71657,5870,,
2021,55,Malampuzha,Palakkad,,C. Krishnakumar,BJP,50200,,,2,A. Prabhakaran,CPI(M),75934,25734,25734,
2021,56,Palakkad,Palakkad,,E. Sreedharan,BJP,50220,,,2,Shafi Parambil,INC,54079,3859,3859,
2021,57,Tarur (SC),Palakkad,,,,,,,,P. P. Sumod,CPI(M),67744,24531,,
2021,58,Chittur,Palakkad,,,,,,,,K. Krishnankutty,JD(S),84672,33878,,
2021,59,Nenmara,Palakkad,,,,,,,,K. Babu,CPI(M),80145,28704,,
2021,60,Alathur,Palakkad,,,,,,,,K. D. Prasenan,CPI(M),74653,34118,,
2021,61,Chelakkara (SC),Thrissur,,,,,,,,K. Radhakrishnan,CPI(M),83415,39400,,
2021,62,Kunnamkulam,Thrissur,,,,,,,,A. C. Moideen,CPI(M),75532,26631,,
2021,63,Guruvayur,Thrissur,,,,,,,,N. K. Akbar,CPI(M),77072,18268,,
2021,64,Manalur,Thrissur,,,,,,,,Murali Perunelly,CPI(M),78337,29876,,
2021,65,Wadakkanchery,Thrissur,,,,,,,,Xavier Chittilappilly,CPI(M),81026,15168,,
2021,66,Ollur,Thrissur,,,,,,,,K. Rajan,CPI,76657,21506,,
2021,67,Thrissur,Thrissur,,,,,,,,P. Balachandran,CPI,44263,946,,
2021,68,Nattika (SC),Thrissur,,,,,,,,C. C. Mukundan,CPI,72930,28431,,
2021,69,Kaipamangalam,Thrissur,,,,,,,,E. T. Taison,CPI,73161,22698,,
2021,70,Irinjalakuda,Thrissur,,,,,,,,R. Bindu,CPI(M),62493,5949,,
2021,71,Puthukkad,Thrissur,,,,,,,,K. K. Ramachandran,CPI(M),73365,27353,,
2021,72,Chalakudy,Thrissur,,,,,,,,T. J. Saneesh Kumar Joseph,INC,61888,1057,,
2021,73,Kodungallur,Thrissur,,,,,,,,V. R. Sunil Kumar,CPI,71457,23893,,
2021,74,Perumbavoor,Ernakulam,,,,,,,,Eldhose Kunnappilly,INC,53484,2899,,
2021,75,Angamaly,Ernakulam,,,,,,,,Roji M. John,INC,71562,15929,,
2021,76,Aluva,Ernakulam,,,,,,,,Anwar Sadath,INC,73703,18886,,
2021,77,Kalamassery,Ernakulam,,,,,,,,P. Rajeev,CPI(M),77141,15336,,
2021,78,Paravur,Ernakulam,,,,,,,,V. D. Satheesan,INC,82264,21301,,
2021,79,Vypin,Ernakulam,,,,,,,,K. N. Unnikrishnan,CPI(M),53858,8201,,
2021,80,Kochi,Ernakulam,,,,,,,,K. J. Maxi,CPI(M),54632,14079,,
2021,81,Thrippunithura,Ernakulam,,,,,,,,K. Babu,INC,65875,992,,
2021,82,Ernakulam,Ernakulam,,,,,,,,T. J. Vinod,INC,45930,10970,,
2021,83,Thrikkakara,Ernakulam,,,,,,,,P. T. Thomas,INC,59839,14329,,
2021,84,Kunnathunad (SC),Ernakulam,,,,,,,,P. V. Sreenijin,CPI(M),52351,2715,,
2021,85,Piravom,Ernakulam,,,,,,,,Anoop Jacob,KC(J),85056,25364,,
2021,86,Muvattupuzha,Ernakulam,,,,,,,,Mathew Kuzhalnadan,INC,64425,6161,,
2021,87,Kothamangalam,Ernakulam,,,,,,,,Antony John,CPI(M),64234,6605,,
2021,88,Devikulam (SC),Idukki,,,,,,,,A. Raja,CPI(M),59049,7848,,
2021,89,Udumbanchola,Idukki,,,,,,,,M. M. Mani,CPI(M),77381,38305,,
2021,90,Thodupuzha,Idukki,,,,,,,,P. J. Joseph,KEC,67495,20259,,
2021,91,Idukki,Idukki,,,,,,,,Roshy Augustine,KC(M),62368,5573,,
2021,92,Peerumade,Idukki,,,,,,,,Vazhoor Soman,CPI,60141,1835,,
2021,93,Pala,Kottayam,,,,,,,,Mani C. Kappan,KDP,69804,15378,,
2021,94,Kaduthuruthy,Kottayam,,,,,,,,Monce Joseph,KEC,59666,4256,,
2021,95,Vaikom (SC),Kottayam,,,,,,,,C. K. Asha,CPI,71388,29122,,
2021,96,Ettumanoor,Kottayam,,,,,,,,V. N. Vasavan,CPI(M),58289,14303,,
2021,97,Kottayam,Kottayam,,,,,,,,Thiruvanchoor Radhakrishnan,INC,65401,18743,,
2021,98,Puthuppally,Kottayam,,,,,,,,Oommen Chandy,INC,63372,9044,,
2021,99,Changanassery,Kottayam,,,,,,,,Job Michael,KC(M),55425,6059,,
2021,100,Kanjirappally,Kottayam,,,,,,,,N. Jayaraj,KC(M),60299,13703,,
2021,101,Poonjar,Kottayam,,,,,,,,Sebastian Kulathunkal,KC(M),58668,16817,,
2021,102,Aroor,Alappuzha,,,,,,,,Daleema Jojo,CPI(M),75617,7013,,
2021,103,Cherthala,Alappuzha,,,,,,,,P. Prasad,CPI,83702,6148,,
2021,104,Alappuzha,Alappuzha,,,,,,,,P. P. Chitharanjan,CPI(M),73412,11644,,
2021,105,Ambalappuzha,Alappuzha,,,,,,,,H. Salam,CPI(M),61365,11125,,
2021,106,Kuttanad,Alappuzha,,,,,,,,Thomas K. Thomas,NCP,57379,5516,,
2021,107,Haripad,Alappuzha,,,,,,,,Ramesh Chennithala,INC,72768,13666,,
2021,108,Kayamkulam,Alappuzha,,,,,,,,U. Prathibha,CPI(M),77348,6298,,
2021,109,Mavelikara (SC),Alappuzha,,,,,,,,M. S. Arun Kumar,CPI(M),71743,24717,,
2021,110,Chengannur,Alappuzha,,,,,,,,Saji Cherian,CPI(M),71502,32093,,
2021,111,Thiruvalla,Pathanamthitta,,,,,,,,Mathew T. Thomas,JD(S),62178,11421,,
2021,112,Ranni,Pathanamthitta,,,,,,,,Pramod Narayan,KC(M),52669,1285,,
2021,113,Aranmula,Pathanamthitta,,,,,,,,Veena George,CPI(M),74950,19003,,
2021,114,Konni,Pathanamthitta,,,,,,,,K. U. Jenish Kumar,CPI(M),62318,8508,,
2021,115,Adoor (SC),Pathanamthitta,,,,,,,,Chittayam Gopakumar,CPI,66569,2919,,
2021,116,Karunagappally,Kollam,,,,,,,,C. R. Mahesh,INC,94225,29208,,
2021,117,Chavara,Kollam,,,,,,,,Sujith Vijayanpillai,IND,63282,1096,,
2021,118,Kunnathur (SC),Kollam,,,,,,,,Kovoor Kunjumon,IND,69436,2790,,
2021,119,Kottarakkara,Kollam,,,,,,,,K. N. Balagopal,CPI(M),68770,10814,,
2021,120,Pathanapuram,Kollam,,,,,,,,K. B. Ganesh Kumar,KC(B),67276,14336,,
2021,121,Punalur,Kollam,,,,,,,,P. S. Supal,CPI,80428,37057,,
2021,122,Chadayamangalam,Kollam,,,,,,,,J. Chinchu Rani,CPI,67252,13678,,
2021,123,Kundara,Kollam,,,,,,,,P. C. Vishnunath,INC,76405,4523,,
2021,124,Kollam,Kollam,,,,,,,,Mukesh,CPI(M),58524,2072,,
2021,125,Eravipuram,Kollam,,,,,,,,M. Noushad,CPI(M),71573,28121,,
2021,126,Chathannoor,Kollam,,B. B. Gopakumar,BJP,42090,,,2,G. S. Jayalal,CPI,59296,17206,17206,
2021,127,Varkala,Thiruvananthapuram,,,,,,,,V. Joy,CPI(M),68816,17821,,
2021,128,Attingal (SC),Thiruvananthapuram,,P. Sudheer,BJP,38262,,,2,O. S. Ambika,CPI(M),69898,31636,31636,
2021,129,Chirayinkeezhu (SC),Thiruvananthapuram,,,,,,,,V. Sasi,CPI,62634,14017,,
2021,130,Nedumangad,Thiruvananthapuram,,,,,,,,G. R. Anil,CPI,72742,23309,,
2021,131,Vamanapuram,Thiruvananthapuram,,,,,,,,D. K. Murali,CPI(M),73137,10242,,
2021,132,Kazhakootam,Thiruvananthapuram,,Sobha Surendran,BJP,40193,,,2,Kadakampally Surendran,CPI(M),63690,23497,23497,
2021,133,Vattiyoorkavu,Thiruvananthapuram,,V.V. Rajesh,BJP,39596,,,2,V. K. Prasanth,CPI(M),61111,21515,21515,
2021,134,Thiruvananthapuram,Thiruvananthapuram,,,,,,,,Antony Raju,JKC,48748,7089,,
2021,135,Nemom,Thiruvananthapuram,,Kummanam Rajasekharan,BJP,51888,,,2,V. Sivankutty,CPI(M),55837,3949,3949,
2021,136,Aruvikkara,Thiruvananthapuram,,,,,,,,G. Stephen,CPI(M),66776,5046,,
2021,137,Parassala,Thiruvananthapuram,,,,,,,,C. K. Hareendran,CPI(M),78548,25828,,
2021,138,Kattakkada,Thiruvananthapuram,,,,,,,,I. B. Sathish,CPI(M),66293,23231,,
2021,139,Kovalam,Thiruvananthapuram,,,,,,,,M. Vincent,INC,74868,11562,,
2021,140,Neyyattinkara,Thiruvananthapuram,,,,,,,,K. Ansalan,CPI(M),65497,14262,,
2016,1,Manjeshwar,,,nan,nan,35.74,,,2,nan,IUML,35.79,89,89,
2016,2,Kasaragod,,,nan,nan,38.77,,,2,nan,IUML,44.72,8607,8607,
2016,3,Udma,,,,,,,,,nan,CPI(M),43.94,3832,,
2016,4,Kanhangad,,,,,,,,,nan,CPI(M),49.98,26011,,
2016,5,Thrikaripur,,,,,,,,,nan,CPI(M),50.93,16959,,
2016,6,Payyanur,Kannur,,,,,,,,nan,CPI(M),58.02,40263,,
2016,7,Kalliasseri,Kannur,,,,,,,,nan,CPI(M),59.83,42891,,
2016,8,Taliparamba,Kannur,,,,,,,,nan,CPI(M),56.95,40617,,
2016,9,Irikkur,Kannur,,,,,,,,nan,INC,49.00,9647,,
2016,10,Azhikode,Kannur,,,,,,,,nan,IUML,44.58,2287,,
2016,11,Kannur,Kannur,,,,,,,,nan,Cong(S),43.06,1196,,
2016,12,Dharmadam,Kannur,,,,,,,,nan,CPI(M),56.84,36905,,
2016,13,Thalassery,Kannur,,,,,,,,nan,CPI(M),53.32,34117,,
2016,14,Kuthuparamba,Kannur,,,,,,,,nan,CPI(M),45.64,12891,,
2016,15,Mattanur,Kannur,,,,,,,,nan,CPI(M),56.52,43381,,
2016,16,Peravoor,Kannur,,,,,,,,nan,INC,48.10,7989,,
2016,17,Mananthavady (ST),Wayanad,,,,,,,,nan,CPI(M),42.88,1307,,
2016,18,Sulthan Bathery (ST),Wayanad,,,,,,,,nan,INC,44.04,11198,,
2016,19,Kalpetta,Wayanad,,,,,,,,nan,CPI(M),48.35,13083,,
2016,20,Vadakara,Kozhikode,,,,,,,,nan,JD(S),37.98,9511,,
2016,21,Kuttiady,Kozhikode,,,,,,,,nan,IUML,45.50,1157,,
2016,22,Nadapuram,Kozhikode,,,,,,,,nan,CPI,45.87,4759,,
2016,23,Quilandy,Kozhikode,,,,,,,,nan,CPI(M),45.94,13369,,
2016,24,Perambra,Kozhikode,,,,,,,,nan,CPI(M),47.14,4101,,
2016,25,Balussery (SC),Kozhikode,,,,,,,,nan,CPI(M),47.50,15464,,
2016,26,Elathur,Kozhikode,,,,,,,,nan,NCP,48.65,29057,,
2016,27,Kozhikode North,Kozhikode,,,,,,,,nan,CPI(M),48.40,27873,,
2016,28,Kozhikode South,Kozhikode,,,,,,,,nan,IUML,43.13,6327,,
2016,29,Beypore,Kozhikode,,,,,,,,nan,CPI(M),44.39,14363,,
2016,30,Kunnamangalam,Kozhikode,,,,,,,,nan,IND,42.92,11205,,
2016,31,Koduvally,Kozhikode,,,,,,,,nan,IND,44.42,573,,
2016,32,Thiruvambady,Kozhikode,,,,,,,,nan,CPI(M),45.93,3008,,
2016,33,Kondotty,Malappuram,,,,,,,,nan,IUML,46.58,10654,,
2016,34,Eranad,Malappuram,,,,,,,,nan,IUML,50.83,12893,,
2016,35,Nilambur,Malappuram,,,,,,,,nan,IND,47.91,11504,,
2016,36,Wandoor (SC),Malappuram,,,,,,,,nan,INC,52.59,23864,,
2016,37,Manjeri,Malappuram,,,,,,,,nan,IUML,50.22,19616,,
2016,38,Perinthalmanna,Malappuram,,,,,,,,nan,IUML,46.89,579,,
2016,39,Mankada,Malappuram,,,,,,,,nan,IUML,46.08,1508,,
2016,40,Malappuram,Malappuram,,,,,,,,nan,IUML,57.16,36672,,
2016,41,Vengara,Malappuram,,,,,,,,nan,IUML,60.01,38057,,
2016,42,Valikunnu,Malappuram,,,,,,,,nan,IUML,43.44,12610,,
2016,43,Tirurangadi,Malappuram,,,,,,,,nan,IUML,46.53,6043,,
2016,44,Tanur,Malappuram,,,,,,,,nan,NSC,45.78,5018,,
2016,45,Tirur,Malappuram,,,,,,,,nan,IUML,46.85,7061,,
2016,46,Kottakkal,Malappuram,,,,,,,,nan,IUML,48.34,15042,,
2016,47,Thavanur,Malappuram,,,,,,,,nan,IND,47.97,17064,,
2016,48,Ponnani,Malappuram,,,,,,,,nan,CPI(M),48.91,15540,,
2016,49,Thrithala,Palakkad,,,,,,,,nan,INC,47.16,10547,,
2016,50,Pattambi,Palakkad,,,,,,,,nan,CPI,45.69,7404,,
2016,51,Shornur,Palakkad,,,,,,,,nan,CPI(M),46.71,25447,,
2016,52,Ottapalam,Palakkad,,,,,,,,nan,CPI(M),44.71,16088,,
2016,53,Kongad (SC),Palakkad,,,,,,,,nan,CPI(M),45.35,13271,,
2016,54,Mannarkkad,Palakkad,,,,,,,,nan,IUML,49.27,12325,,
2016,55,Malampuzha,Palakkad,,nan,nan,28.90,,,2,nan,CPI(M),45.90,27142,27142,
2016,56,Palakkad,Palakkad,,nan,nan,29.08,,,2,nan,INC,41.77,17383,17383,
2016,57,Tarur (SC),Palakkad,,,,,,,,nan,CPI(M),52.25,23068,,
2016,58,Chittur,Palakkad,,,,,,,,nan,JD(S),44.90,7285,,
2016,59,Nenmara,Palakkad,,,,,,,,nan,CPI(M),42.90,8108,,
2016,60,Alathur,Palakkad,,,,,,,,nan,CPI(M),55.35,36060,,
2016,61,Chelakkara (SC),Thrissur,,,,,,,,nan,CPI(M),44.81,10200,,
2016,62,Kunnamkulam,Thrissur,,,,,,,,nan,CPI(M),41.92,7782,,
2016,63,Guruvayur,Thrissur,,,,,,,,nan,CPI(M),44.76,15098,,
2016,64,Manalur,Thrissur,,,,,,,,nan,CPI(M),43.30,19325,,
2016,65,Wadakkanchery,Thrissur,,,,,,,,nan,INC,41.02,43,,
2016,66,Ollur,Thrissur,,,,,,,,nan,CPI(M),47.55,13248,,
2016,67,Thrissur,Thrissur,,,,,,,,nan,CPI,42.19,6987,,
2016,68,Nattika (SC),Thrissur,,,,,,,,nan,CPI,46.65,26777,,
2016,69,Kaipamangalam,Thrissur,,,,,,,,nan,CPI,49.60,33440,,
2016,70,Irinjalakuda,Thrissur,,,,,,,,nan,CPI(M),40.00,2711,,
2016,71,Puthukkad,Thrissur,,,,,,,,nan,CPI(M),50.07,38478,,
2016,72,Chalakudy,Thrissur,,,,,,,,nan,CPI(M),49.37,26648,,
2016,73,Kodungallur,Thrissur,,,,,,,,nan,CPI,45.71,22791,,
2016,74,Perumbavoor,Ernakulam,,,,,,,,nan,INC,44.11,7288,,
2016,75,Angamaly,Ernakulam,,,,,,,,nan,INC,48.96,9186,,
2016,76,Aluva,Ernakulam,,,,,,,,nan,INC,47.39,18835,,
2016,77,Kalamassery,Ernakulam,,,,,,,,nan,IUML,44.37,12118,,
2016,78,Paravur,Ernakulam,,,,,,,,nan,INC,46.70,20634,,
2016,79,Vypen,Ernakulam,,,,,,,,nan,CPI(M),52.24,19353,,
2016,80,Kochi,Ernakulam,,,,,,,,nan,CPI(M),38.70,1086,,
2016,81,Thrippunithura,Ernakulam,,,,,,,,nan,CPI(M),40.53,4467,,
2016,82,Ernakulam,Ernakulam,,,,,,,,nan,INC,52.32,21949,,
2016,83,Thrikkakara,Ernakulam,,,,,,,,nan,INC,45.42,11996,,
2016,84,Kunnathunad (SC),Ernakulam,,,,,,,,nan,INC,44.13,2679,,
2016,85,Piravom,Ernakulam,,,,,,,,nan,KC(J),45.77,6195,,
2016,86,Muvattupuzha,Ernakulam,,,,,,,,nan,CPI,49.27,9375,,
2016,87,Kothamangalam,Ernakulam,,,,,,,,nan,CPI(M),49.26,19282,,
2016,88,Devikulam (SC),Idukki,,,,,,,,nan,CPI(M),42.18,5782,,
2016,89,Udumbanchola,Idukki,,,,,,,,nan,CPI(M),40.32,1109,,
2016,90,Thodupuzha,Idukki,,,,,,,,nan,KC(M),54.08,46587,,
2016,91,Idukki,Idukki,,,,,,,,nan,KC(M),42.86,9333,,
2016,92,Peerumade,Idukki,,,,,,,,nan,CPI,43.94,314,,
2016,93,Pala,Kottayam,,,,,,,,nan,KC(M),42.13,2603,,
2016,94,Kaduthurthy,Kottayam,,,,,,,,nan,KC(M),58.03,42256,,
2016,95,Vaikom (SC),Kottayam,,,,,,,,nan,CPI,46.95,24584,,
2016,96,Ettumanoor,Kottayam,,,,,,,,nan,CPI(M),40.67,8899,,
2016,97,Kottayam,Kottayam,,,,,,,,nan,INC,57.46,33632,,
2016,98,Puthuppally,Kottayam,,,,,,,,nan,INC,53.42,27092,,
2016,99,Changanassery,Kottayam,,,,,,,,nan,KC(M),40.04,1849,,
2016,100,Kanjirappally,Kottayam,,,,,,,,nan,KC(M),38.86,3890,,
2016,101,Poonjar,Kottayam,,,,,,,,nan,IND,43.65,27821,,
2016,102,Aroor,Alappuzha,,,,,,,,nan,CPI(M),52.34,38519,,
2016,103,Cherthala,Alappuzha,,,,,,,,nan,CPI,45.70,7196,,
2016,104,Alappuzha,Alappuzha,,,,,,,,nan,CPI(M),53.29,31032,,
2016,105,Ambalappuzha,Alappuzha,,,,,,,,nan,CPI(M),47.32,22621,,
2016,106,Kuttanad,Alappuzha,,,,,,,,nan,NCP,38.52,4891,,
2016,107,Haripad,Alappuzha,,,,,,,,nan,INC,51.05,18621,,
2016,108,Kayamkulam,Alappuzha,,,,,,,,nan,CPI(M),46.53,11757,,
2016,109,Mavelikara (SC),Alappuzha,,,,,,,,nan,CPI(M),49.81,31542,,
2016,110,Chengannur,Alappuzha,,,,,,,,nan,CPI(M),36.34,7983,,
2016,111,Thiruvalla,Pathanamthitta,,,,,,,,nan,JD(S),41.28,8462,,
2016,112,Ranni,Pathanamthitta,,,,,,,,nan,CPI(M),43.87,14596,,
2016,113,Aranmula,Pathanamthitta,,,,,,,,nan,CPI(M),39.97,7646,,
2016,114,Konni,Pathanamthitta,,,,,,,,nan,INC,50.81,20748,,
2016,115,Adoor (SC),Pathanamthitta,,,,,,,,nan,CPI,49.05,25460,,
2016,116,Karunagappally,Kollam,,,,,,,,nan,CPI,43.06,1759,,
2016,117,Chavara,Kollam,,,,,,,,nan,CMP(A),46.80,8189,,
2016,118,Kunnathur (SC),Kollam,,,,,,,,nan,IND,47.38,20529,,
2016,119,Kottarakkara,Kollam,,,,,,,,nan,CPI(M),55.44,42632,,
2016,120,Pathanapuram,Kollam,,,,,,,,nan,KC(B),52.39,24562,,
2016,121,Punalur,Kollam,,,,,,,,nan,CPI,56.85,33582,,
2016,122,Chadayamangalam,Kollam,,,,,,,,nan,CPI,49.10,21928,,
2016,123,Kundara,Kollam,,,,,,,,nan,CPI(M),51.81,30460,,
2016,124,Kollam,Kollam,,,,,,,,nan,CPI(M),48.81,17611,,
2016,125,Eravipuram,Kollam,,,,,,,,nan,CPI(M),52.33,28803,,
2016,126,Chathanoor,Kollam,,nan,nan,24.92,,,2,nan,CPI,50.76,34407,34407,
2016,127,Varkala,Thiruvananthapuram,,,,,,,,nan,CPI(M),41.43,2386,,
2016,128,Attingal (SC),Thiruvananthapuram,,,,,,,,nan,CPI(M),52.71,40383,,
2016,129,Chirayinkeezhu (SC),Thiruvananthapuram,,,,,,,,nan,CPI,46.75,14322,,
2016,130,Nedumangad,Thiruvananthapuram,,,,,,,,nan,CPI,38.16,3621,,
2016,131,Vamanapuram,Thiruvananthapuram,,,,,,,,nan,CPI(M),46.56,9596,,
2016,132,Kazhakootam,Thiruvananthapuram,,nan,nan,31.90,,,2,nan,CPI(M),37.38,7347,7347,
2016,133,Vattiyoorkavu,Thiruvananthapuram,,nan,nan,31.87,,,2,nan,INC,37.43,7522,7522,
2016,134,Thiruvananthapuram,Thiruvananthapuram,,,,,,,,nan,INC,36.82,10905,,
2016,135,Nemom,Thiruvananthapuram,,nan,BJP,47.46,,,1,nan,BJP,47.46,8613,0,
2016,136,Aruvikkara,Thiruvananthapuram,,,,,,,,nan,INC,49.32,21314,,
2016,137,Parassala,Thiruvananthapuram,,,,,,,,nan,CPI(M),44.41,18566,,
2016,138,Kattakada,Thiruvananthapuram,,,,,,,,nan,CPI(M),35.93,849,,
2016,139,Kovalam,Thiruvananthapuram,,,,,,,,nan,INC,47.60,3415,,
2016,140,Neyyatinkara,Thiruvananthapuram,,,,,,,,nan,CPI(M),47.20,9543,,
2011,1,Manjeshwar,,,nan,nan,33.08,,,2,nan,IUML,37.46,5828,5828,
2011,2,Kasaragod,,,nan,nan,37.02,,,2,nan,IUML,45.35,9738,9738,
2011,3,Udma,,,,,,,,,nan,CPI(M),47.93,11380,,
2011,4,Kanhangad,,,,,,,,,nan,CPI(M),47.65,12178,,
2011,5,Thrikaripur,,,,,,,,,nan,CPI(M),49.91,8765,,
2011,6,Payyanur,Kannur,,,,,,,,nan,CPI(M),59.78,32124,,
2011,7,Kalliasseri,Kannur,,,,,,,,nan,CPI(M),58.62,29966,,
2011,8,Taliparamba,Kannur,,,,,,,,nan,CPI(M),56.13,27861,,
2011,9,Irikkur,Kannur,,,,,,,,nan,INC,52.41,11757,,
2011,10,Azhikode,Kannur,,,,,,,,nan,IUML,45.21,493,,
2011,11,Kannur,Kannur,,,,,,,,nan,INC,48.89,6443,,
2011,12,Dharmadam,Kannur,,,,,,,,nan,CPI(M),53.13,15162,,
2011,13,Thalassery,Kannur,,,,,,,,nan,CPI(M),56.78,26509,,
2011,14,Kuthuparamba,Kannur,,,,,,,,nan,SJ(D),44.68,3303,,
2011,15,Mattanur,Kannur,,,,,,,,nan,CPI(M),56.55,30512,,
2011,16,Peravoor,Kannur,,,,,,,,nan,INC,48.07,3440,,
2011,17,Mananthavady (ST),Wayanad,,,,,,,,nan,INC,50.78,12734,,
2011,18,Sulthan Bathery (ST),Wayanad,,,,,,,,nan,INC,49.14,7583,,
2011,19,Kalpetta,Wayanad,,,,,,,,nan,SJ(D),53.94,18169,,
2011,20,Vadakara,Kozhikode,,,,,,,,nan,JD(S),41.05,847,,
2011,21,Kuttiady,Kozhikode,,,,,,,,nan,CPI(M),49.32,6972,,
2011,22,Nadapuram,Kozhikode,,,,,,,,nan,CPI,49.22,7546,,
2011,23,Quilandy,Kozhikode,,,,,,,,nan,CPI(M),47.20,4139,,
2011,24,Perambra,Kozhikode,,,,,,,,nan,CPI(M),51.91,15269,,
2011,25,Balussery (SC),Kozhikode,,,,,,,,nan,CPI(M),49.18,8882,,
2011,26,Elathur,Kozhikode,,,,,,,,nan,NCP,50.14,14654,,
2011,27,Kozhikode North,Kozhikode,,,,,,,,nan,CPI(M),49.12,8998,,
2011,28,Kozhikode South,Kozhikode,,,,,,,,nan,IUML,46.08,1376,,
2011,29,Beypore,Kozhikode,,,,,,,,nan,CPI(M),46.80,5316,,
2011,30,Kunnamangalam,Kozhikode,,,,,,,,nan,IND,44.06,3269,,
2011,31,Koduvally,Kozhikode,,,,,,,,nan,IUML,53.03,16652,,
2011,32,Thiruvambady,Kozhikode,,,,,,,,nan,IUML,48.71,3833,,
2011,33,Kondotty,Malappuram,,,,,,,,nan,IUML,56.82,28149,,
2011,34,Eranad,Malappuram,,,,,,,,nan,IUML,51.29,11246,,
2011,35,Nilambur,Malappuram,,,,,,,,nan,INC,48.64,5598,,
2011,36,Wandoor (SC),Malappuram,,,,,,,,nan,INC,56.50,28919,,
2011,37,Manjeri,Malappuram,,,,,,,,nan,IUML,57.99,29079,,
2011,38,Perinthalmanna,Malappuram,,,,,,,,nan,IUML,52.97,9589,,
2011,39,Mankada,Malappuram,,,,,,,,nan,IUML,55.88,23593,,
2011,40,Malappuram,Malappuram,,,,,,,,nan,IUML,63.75,44508,,
2011,41,Vengara,Malappuram,,,,,,,,nan,IUML,63.44,38297,,
2011,42,Valikunnu,Malappuram,,,,,,,,nan,IUML,50.53,18122,,
2011,43,Tirurangadi,Malappuram,,,,,,,,nan,IUML,58.48,30208,,
2011,44,Tanur,Malappuram,,,,,,,,nan,IUML,49.52,9433,,
2011,45,Tirur,Malappuram,,,,,,,,nan,IUML,54.85,23566,,
2011,46,Kottakkal,Malappuram,,,,,,,,nan,IUML,58.91,35902,,
2011,47,Thavanur,Malappuram,,,,,,,,nan,IND,44.06,6347,,
2011,48,Ponnani,Malappuram,,,,,,,,nan,CPI(M),47.55,4101,,
2011,49,Thrithala,Palakkad,,,,,,,,nan,INC,47.37,3197,,
2011,50,Pattambi,Palakkad,,,,,,,,nan,INC,49.00,12475,,
2011,51,Shornur,Palakkad,,,,,,,,nan,CPI(M),49.57,13493,,
2011,52,Ottapalam,Palakkad,,,,,,,,nan,CPI(M),49.47,13200,,
2011,53,Kongad (SC),Palakkad,,,,,,,,nan,CPI(M),46.63,3565,,
2011,54,Mannarkkad,Palakkad,,,,,,,,nan,IUML,49.66,8270,,
2011,55,Malampuzha,Palakkad,,,,,,,,nan,CPI(M),57.04,23440,,
2011,56,Palakkad,Palakkad,,,,,,,,nan,INC,42.41,7393,,
2011,57,Tarur (SC),Palakkad,,,,,,,,nan,CPI(M),57.15,25756,,
2011,58,Chittur,Palakkad,,,,,,,,nan,INC,51.33,12330,,
2011,59,Nenmara,Palakkad,,,,,,,,nan,CPI(M),47.86,8694,,
2011,60,Alathur,Palakkad,,,,,,,,nan,CPI(M),57.72,24741,,
2011,61,Chelakkara (SC),Thrissur,,,,,,,,nan,CPI(M),55.42,24676,,
2011,62,Kunnamkulam,Thrissur,,,,,,,,nan,CPI(M),44.34,481,,
2011,63,Guruvayur,Thrissur,,,,,,,,nan,CPI(M),48.53,9968,,
2011,64,Manalur,Thrissur,,,,,,,,nan,INC,45.22,481,,
2011,65,Wadakkanchery,Thrissur,,,,,,,,nan,INC,48.79,6685,,
2011,66,Ollur,Thrissur,,,,,,,,nan,INC,49.21,6247,,
2011,67,Thrissur,Thrissur,,,,,,,,nan,INC,53.19,16169,,
2011,68,Nattika (SC),Thrissur,,,,,,,,nan,CPI,50.21,16054,,
2011,69,Kaipamangalam,Thrissur,,,,,,,,nan,CPI,50.20,13570,,
2011,70,Irinjalakuda,Thrissur,,,,,,,,nan,KC(M),51.70,12396,,
2011,71,Puthukkad,Thrissur,,,,,,,,nan,CPI(M),52.84,26482,,
2011,72,Chalakudy,Thrissur,,,,,,,,nan,CPI(M),48.18,2549,,
2011,73,Kodungallur,Thrissur,,,,,,,,nan,INC,50.11,9432,,
2011,74,Perumbavoor,Ernakulam,,,,,,,,nan,CPI(M),47.42,3382,,
2011,75,Angamaly,Ernakulam,,,,,,,,nan,JD(S),47.42,7170,,
2011,76,Aluva,Ernakulam,,,,,,,,nan,INC,50.24,13214,,
2011,77,Kalamassery,Ernakulam,,,,,,,,nan,IUML,47.73,7792,,
2011,78,Paravur,Ernakulam,,,,,,,,nan,INC,51.78,11349,,
2011,79,Vypen,Ernakulam,,,,,,,,nan,CPI(M),50.37,5242,,
2011,80,Kochi,Ernakulam,,,,,,,,nan,INC,53.37,16503,,
2011,81,Thrippunithura,Ernakulam,,,,,,,,nan,INC,53.37,15778,,
2011,82,Ernakulam,Ernakulam,,,,,,,,nan,INC,61.58,32487,,
2011,83,Thrikkakara,Ernakulam,,,,,,,,nan,INC,55.88,22406,,
2011,84,Kunnathunad (SC),Ernakulam,,,,,,,,nan,INC,49.72,8732,,
2011,85,Piravom,Ernakulam,,,,,,,,nan,KC(J),47.53,157,,
2011,86,Muvattupuzha,Ernakulam,,,,,,,,nan,INC,49.90,5163,,
2011,87,Kothamangalam,Ernakulam,,,,,,,,nan,KC(M),49.26,12222,,
2011,88,Devikulam (SC),Idukki,,,,,,,,nan,CPI(M),48.43,4078,,
2011,89,Udumbanchola,Idukki,,,,,,,,nan,CPI(M),51.48,9833,,
2011,90,Thodupuzha,Idukki,,,,,,,,nan,KC(M),51.92,22867,,
2011,91,Idukki,Idukki,,,,,,,,nan,KC(M),54.88,15806,,
2011,92,Peerumade,Idukki,,,,,,,,nan,CPI,49.26,4777,,
2011,93,Pala,Kottayam,,,,,,,,nan,KC(M),49.14,5259,,
2011,94,Kaduthurthy,Kottayam,,,,,,,,nan,KC(M),56.37,23057,,
2011,95,Vaikom (SC),Kottayam,,,,,,,,nan,CPI,51.62,10568,,
2011,96,Ettumanoor,Kottayam,,,,,,,,nan,CPI(M),48.52,1801,,
2011,97,Kottayam,Kottayam,,,,,,,,nan,INC,46.84,711,,
2011,98,Puthuppally,Kottayam,,,,,,,,nan,INC,59.74,33255,,
2011,99,Changanassery,Kottayam,,,,,,,,nan,KC(M),47.13,2554,,
2011,100,Kanjirappally,Kottayam,,,,,,,,nan,KC(M),50.40,12206,,
2011,101,Poonjar,Kottayam,,,,,,,,nan,KC(M),50.77,15704,,
2011,102,Aroor,Alappuzha,,,,,,,,nan,CPI(M),52.28,16852,,
2011,103,Cherthala,Alappuzha,,,,,,,,nan,CPI,53.11,18315,,
2011,104,Alappuzha,Alappuzha,,,,,,,,nan,CPI(M),53.71,16342,,
2011,105,Ambalappuzha,Alappuzha,,,,,,,,nan,CPI(M),54.48,16580,,
2011,106,Kuttanad,Alappuzha,,,,,,,,nan,NCP,50.81,7971,,
2011,107,Haripad,Alappuzha,,,,,,,,nan,INC,50.03,5520,,
2011,108,Kayamkulam,Alappuzha,,,,,,,,nan,CPI(M),48.28,1315,,
2011,109,Mavelikara (SC),Alappuzha,,,,,,,,nan,CPI(M),49.30,5149,,
2011,110,Chengannur,Alappuzha,,,,,,,,nan,INC,51.98,12500,,
2011,111,Thiruvalla,Pathanamthitta,,,,,,,,nan,JD(S),49.97,10767,,
2011,112,Ranni,Pathanamthitta,,,,,,,,nan,CPI(M),48.51,6614,,
2011,113,Aranmula,Pathanamthitta,,,,,,,,nan,INC,47.69,6511,,
2011,114,Konni,Pathanamthitta,,,,,,,,nan,INC,47.69,7774,,
2011,115,Adoor (SC),Pathanamthitta,,,,,,,,nan,CPI,48.51,607,,
2011,116,Karunagappally,Kollam,,,,,,,,nan,CPI,50.13,14521,,
2011,117,Chavara,Kollam,,,,,,,,nan,KRSP,51.16,6061,,
2011,118,Kunnathur (SC),Kollam,,,,,,,,nan,RSP,50.13,12088,,
2011,119,Kottarakkara,Kollam,,,,,,,,nan,CPI(M),53.89,20592,,
2011,120,Pathanapuram,Kollam,,,,,,,,nan,KC(B),55.64,20402,,
2011,121,Punalur,Kollam,,,,,,,,nan,CPI,54.62,18005,,
2011,122,Chadayamangalam,Kollam,,,,,,,,nan,CPI,55.90,23624,,
2011,123,Kundara,Kollam,,,,,,,,nan,CPI(M),52.48,14793,,
2011,124,Kollam,Kollam,,,,,,,,nan,CPI(M),50.86,8540,,
2011,125,Eravipuram,Kollam,,,,,,,,nan,RSP,49.00,8012,,
2011,126,Chathanoor,Kollam,,,,,,,,nan,CPI,52.66,12589,,
2011,127,Varkala,Thiruvananthapuram,,,,,,,,nan,INC,51.98,10710,,
2011,128,Attingal (SC),Thiruvananthapuram,,,,,,,,nan,CPI,55.44,30065,,
2011,129,Chirayinkeezhu (SC),Thiruvananthapuram,,,,,,,,nan,CPI,52.93,12225,,
2011,130,Nedumangad,Thiruvananthapuram,,,,,,,,nan,INC,47.87,5030,,
2011,131,Vamanapuram,Thiruvananthapuram,,,,,,,,nan,CPI(M),46.51,2236,,
2011,132,Kazhakootam,Thiruvananthapuram,,,,,,,,nan,INC,46.38,2196,,
2011,133,Vattiyoorkavu,Thiruvananthapuram,,,,,,,,nan,INC,50.19,16167,,
2011,134,Thiruvananthapuram,Thiruvananthapuram,,,,,,,,nan,INC,45.87,5352,,
2011,135,Nemom,Thiruvananthapuram,,nan,nan,37.49,,,2,nan,CPI(M),42.99,6215,6215,
2011,136,Aruvikkara,Thiruvananthapuram,,,,,,,,nan,INC,48.79,10674,,
2011,137,Parassala,Thiruvananthapuram,,,,,,,,nan,INC,44.80,505,,
2011,138,Kattakada,Thiruvananthapuram,,,,,,,,nan,INC,44.63,12916,,
2011,139,Kovalam,Thiruvananthapuram,,,,,,,,nan,JD(S),47.60,7305,,
2011,140,Neyyatinkara,Thiruvananthapuram,,,,,,,,nan,CPI(M),48.98,6702,,
