Year,Constituency Number,Constituency Name,District,BJP/NDA Candidate Name,Party Label,Votes Received,Total Valid Votes,Vote Share %,Position,Winning Candidate,Winning Party,Winning Vote Count,Margin,BJP/NDA Margin Gap,Swing from Previous LS
2014,1,Kasaragod,,K. Surendran,BJP,172826,945546.0,17.7,3,P. Karunakaran,LDF,384964,6921,212138,
2014,2,Kannur,,P C. Mohanan,BJP,51636,919484.0,5.5,3,P. K. Sreemathy,LDF,427622,6566,375986,
2014,3,Vatakara,,V. K. Sajeevan,BJP,76313,923194.0,8.0,3,Mullappally Ramachandran,UDF,416479,3306,340166,
2014,4,Wayanad,,P. R. Rasmilnath,BJP,80752,851075.0,8.8,3,M. I. Shanavas,UDF,377035,20870,296283,
2014,5,Kozhikode,,C. K. Padmanabhan,BJP,115760,908041.0,12.3,3,M. K. Raghavan,UDF,397615,16883,281855,
2014,6,Malappuram,,N. Sreeprakash,BJP,64705,793265.0,7.6,3,E. Ahammed,UDF,437723,194739,373018,
2014,7,Ponnani,,Narayanan,BJP,75212,833448.0,8.6,3,E. T. Muhammed Basheer,UDF,378503,25410,303291,
2014,8,Palakkad,,Sobha Surendran,BJP,136587,869585.0,15.0,3,M. B. Rajesh,LDF,412897,105300,276310,
2014,9,Alathur,,Shajumon Vattekkattu,BJP,87803,881927.0,9.5,3,P. K. Biju,LDF,411808,37312,324005,
2014,10,Thrissur,,K. P. Sreesan,BJP,102681,887510.0,11.2,3,C. N. Jayadevan,LDF,389209,38227,286528,
2014,11,Chalakudy,,B. Gopalakrishnan,BJP,92848,831033.0,10.5,3,Innocent,LDF,358440,13884,265592,
2014,12,Ernakulam,,A. N. Radhakrishnan,BJP,99003,771155.0,11.6,3,K. V. Thomas,UDF,353841,87047,254838,
2014,13,Idukki,,Sabu Varghese,BJP,50438,775149.0,6.2,3,Joice George,LDF,382019,50542,331581,
2014,14,Kottayam,,Noble Mathew,KC(N),44357,798527.0,5.3,3,Jose K Mani,UDF,424194,120599,379837,
2014,15,Alappuzha,,A. V. Thamarakshan,RSP(B),43051,959687.0,4.3,3,K. C. Venugopal,UDF,462525,19407,419474,
2014,16,Mavelikkara,,P. Sudheer,BJP,79743,860816.0,9.0,3,Kodikkunnil Suresh,UDF,402432,32737,322689,
2014,17,Pathanamthitta,,M. T. Ramesh,BJP,138954,816940.0,17.4,3,Anto Antony Punnathaniyil,UDF,358842,56191,219888,
2014,18,Kollam,,P. M. Velayudhan,BJP,58671,850890.0,6.7,3,N.K. Premachandran,UDF,408528,37649,349857,
2014,19,Attingal,,Girijakumari S,BJP,90528,817331.0,11.2,3,A. Sampath,LDF,392478,69378,301950,
2014,20,Thiruvananthapuram,,O. Rajagopal,BJP,282336,843236.0,34.0,2,Shashi Tharoor,UDF,297806,15470,15470,
2019,1,Kasaragod,,Raveesh Thanthri Kuntar,BJP,176049,,,3,Rajmohan Unnithan,INC,474961,40438,298912,
2019,2,Kannur,,C. K. Padmanabhan,BJP,68509,,,3,K. Sudhakaran,INC,529741,94559,461232,
2019,3,Vatakara,,V. K. Sajeevan,BJP,80128,,,3,,,,,,
2019,4,Wayanad,,Thushar Vellapally,BDJS,78816,,,3,Rahul Gandhi,INC,706367,431770,627551,
2019,5,Kozhikode,,K. P. Prakash Babu,BJP,161216,,,3,M. K. Raghavan,INC,493444,85225,332228,
2019,6,Malappuram,,Unnikrishnan Master,BJP,82332,,,3,P. K. Kunhalikutty,IUML,589873,260153,507541,
2019,7,Ponnani,,V. T. Rema,BJP,110603,,,3,E. T. Mohammed Basheer,IUML,521824,193273,411221,
2019,8,Palakkad,,C. Krishnakumar,BJP,218556,,,3,V. K. Sreekandan,INC,399274,11637,180718,
2019,9,Alathur (SC),,T. V. Babu,BDJS,89837,,,3,,,,,,
2019,10,Thrissur,,Suresh Gopi,BJP,293822,,,3,T. N. Prathapan,INC,415089,93633,121267,
2019,11,Chalakudy,,A. N. Radhakrishnan,BJP,154159,,,3,Benny Behanan,INC,473444,132274,319285,
2019,12,Ernakulam,,Alphons Kannanthanam,BJP,137749,,,3,Hibi Eden,INC,491263,169153,353514,
2019,13,Idukki,,Biju Krishnan,BDJS,78648,,,3,Adv. Dean Kuriakose,INC,498493,171053,419845,
2019,14,Kottayam,,P. C. Thomas,KC(T),155135,,,3,Thomas Chazhikadan,KEC(M),421046,106259,265911,
2019,15,Alappuzha,,K. S. Radhakrishnan,BJP,187729,,,3,Adv. A. M. Ariff,CPI(M),445970,10474,258241,
2019,16,Mavelikkara (SC),,Thazhava Sahadevan,BDJS,133546,,,3,,,,,,
2019,17,Pathanamthitta,,K. Surendran,BJP,297396,,,3,Anto Antony,INC,380927,44243,83531,
2019,18,Kollam,,K. V. Sabu,BJP,103339,,,3,N. K. Premachandran,RSP,499677,148856,396338,
2019,19,Attingal,,Shobha Surendran,BJP,248081,,,3,Adv. Adoor Prakash,INC,380995,38247,132914,
2019,20,Thiruvananthapuram,,Kummanam Rajasekharan,BJP,316142,,,2,Dr. Shashi Tharoor,INC,416131,99989,99989,
2024,1,Kasaragod,,,NDA,219558,,,3,Rajmohan Unnithan,INC,490659,Margin,271101,
2024,2,Kannur,,,NDA,119876,,,3,K. Sudhakaran,INC,518524,108982,398648,
2024,3,Vatakara,,,NDA,111979,,,3,Shafi Parambil,INC,557528,114506,445549,
2024,4,Wayanad,,,NDA,141045,,,3,Rahul Gandhi,INC,647445,364422,506400,
2024,5,Kozhikode,,,NDA,180666,,,3,M. K. Raghavan,INC,520421,146176,339755,
2024,6,Malappuram,,,NDA,85361,,,3,E. T. Mohammed Basheer,IUML,644006,300118,558645,
2024,7,Ponnani,,,NDA,124798,,,3,M. P. Abdussamad Samadani,IUML,562516,235760,437718,
2024,8,Palakkad,,,NDA,251778,,,3,V. K. Sreekandan,INC,421169,75283,169391,
2024,9,Alathur (SC),,,NDA,188230,,,3,K. Radhakrishnan,CPI(M),403447,20111,215217,
2024,10,Thrissur,,Suresh Gopi,BJP,412338,,,1,Suresh Gopi,BJP,412338,74686,0,
2024,11,Chalakudy,,,NDA,106400,,,3,Benny Behanan,INC,393913,63754,287513,
2024,12,Ernakulam,,,NDA,144500,,,3,Hibi Eden,INC,482317,250385,337817,
2024,13,Idukki,,,NDA,91323,,,3,Dean Kuriakose,INC,432372,133727,341049,
2024,14,Kottayam,,,NDA,165046,,,3,K. Francis George,KEC,364631,87266,199585,
2024,15,Alappuzha,,,NDA,299648,,,3,K. C. Venugopal,INC,404560,63513,104912,
2024,16,Mavelikkara (SC),,,NDA,142984,,,3,Kodikunnil Suresh,INC,369516,10868,226532,
2024,17,Pathanamthitta,,,NDA,234406,,,3,Anto Antony,INC,367623,66119,133217,
2024,18,Kollam,,,NDA,163210,,,3,N. K. Premachandran,RSP,443628,150302,280418,
2024,19,Attingal,,,NDA,311779,,,3,Adoor Prakash,INC,328051,684,16272,
2024,20,Thiruvananthapuram,,Rajeev Chandrasekhar,BJP,342078,,,2,Shashi Tharoor,INC,353679,16077,11601,
